{
	"events": [
		{
			"character": "character-1683893421.json",
			"event_id": "dialogic_001",
			"portrait": "",
			"text": "Congratulations, you can now go to level 2 !"
		},
		{
			"character": "character-1683893437.json",
			"event_id": "dialogic_001",
			"portrait": "",
			"text": "What is the next question ?"
		},
		{
			"character": "character-1683893421.json",
			"event_id": "dialogic_010",
			"options": [

			],
			"portrait": "",
			"question": "1 + 5 = ?"
		},
		{
			"choice": "6",
			"condition": "",
			"definition": "",
			"event_id": "dialogic_011",
			"value": ""
		},
		{
			"emit_signal": "6",
			"event_id": "dialogic_040"
		},
		{
			"character": "character-1683893421.json",
			"event_id": "dialogic_001",
			"portrait": "",
			"text": "Please go kill 6 enemies and go to the end to find a portal to win"
		},
		{
			"choice": "7",
			"condition": "",
			"definition": "",
			"event_id": "dialogic_011",
			"value": ""
		},
		{
			"character": "character-1683893421.json",
			"event_id": "dialogic_001",
			"portrait": "",
			"text": "Wrong try again"
		},
		{
			"event_id": "dialogic_013"
		}
	],
	"metadata": {
		"dialogic-version": "1.4.5",
		"file": "timeline-1684142956.json",
		"name": "finish"
	}
}
