{
	"events": [
		{
			"character": "character-1683893421.json",
			"event_id": "dialogic_001",
			"portrait": "",
			"text": "Hello Player ! \nControls:\nW = jump\nA = left\nD = right\nSPACEBAR = shoot"
		},
		{
			"character": "character-1683893437.json",
			"event_id": "dialogic_001",
			"portrait": "",
			"text": "Hello friend"
		},
		{
			"character": "character-1683893421.json",
			"event_id": "dialogic_010",
			"options": [

			],
			"portrait": "",
			"question": "Please solve this question. 1 + 3 = ?"
		},
		{
			"choice": "4",
			"condition": "",
			"definition": "",
			"event_id": "dialogic_011",
			"value": ""
		},
		{
			"emit_signal": "4",
			"event_id": "dialogic_040"
		},
		{
			"character": "character-1683893421.json",
			"event_id": "dialogic_001",
			"portrait": "",
			"text": "Please kill four enemies to go level 2"
		},
		{
			"choice": "5",
			"condition": "",
			"definition": "",
			"event_id": "dialogic_011",
			"value": ""
		},
		{
			"character": "character-1683893421.json",
			"event_id": "dialogic_001",
			"portrait": "",
			"text": "Wrong, try again"
		},
		{
			"event_id": "dialogic_013"
		}
	],
	"metadata": {
		"dialogic-version": "1.4.5",
		"file": "timeline-1683893603.json",
		"name": "start"
	}
}
